name,seeds,noise_kind,noise_block,sigma_axon,sigma_dendrite,clean_accuracy_mean,clean_accuracy_std,white_fgsm_eps2_mean,white_fgsm_eps2_std,white_pgd_eps2_mean,white_pgd_eps2_std,transfer_fgsm_eps2_mean,transfer_fgsm_eps2_std,transfer_pgd_eps2_mean,transfer_pgd_eps2_std,white_fgsm_eps4_mean,white_fgsm_eps4_std,white_pgd_eps4_mean,white_pgd_eps4_std,transfer_fgsm_eps4_mean,transfer_fgsm_eps4_std,transfer_pgd_eps4_mean,transfer_pgd_eps4_std
axon_all,3,axon,all,0.5,0.0,0.6989001415659372,0.0018576415233835927,0.21343787433300662,0.007950963448229032,0.08439507786126538,0.0059286322939415045,0.5393662201894805,0.01265689031545932,0.5629968419906349,0.011318466863623752,0.11434171839268213,0.006309443945059773,0.009474028095393662,0.0021422536832087554,0.4211042143090493,0.006232859858980378,0.45290210170968087,0.012004861794803276
axon_it,3,axon,IT,0.5,0.0,0.7361428726995536,0.003172994072597973,0.08221714036807144,0.0038145006834666255,0.0030491124904715237,0.0004990281710721812,0.14407056517477948,0.0013067624959163665,0.02177937493193945,0.0010501634281817433,0.06501143417183927,0.0028480228314542136,0.0,0.0,0.09419579658063813,0.002408074092071873,0.000871174997277578,0.0004990281710721812
axon_v1,3,axon,V1,0.5,0.0,0.7204617227485571,0.002964316146970741,0.13274529021017098,0.002473661481346078,0.03060002177937493,0.0013203044378723872,0.46259392355439405,0.005807379560480632,0.46400958292497,0.008840789935661439,0.07383208101927474,0.0028480228314542136,0.0017423499945551561,0.0006800607642816508,0.3178699771316563,0.0038516256525813796,0.2957639115757378,0.005022259635239108
axon_v2,3,axon,V2,0.5,0.0,0.7266688446041599,0.002739789965242075,0.09506697157791572,0.0026740780045319975,0.009582924970053358,0.0009430745984802767,0.24926494609604702,0.0014970845132165345,0.10944135903299575,0.0014970845132165438,0.06305129042796472,0.002142253683208756,0.00010889687465969726,0.00018861491969605546,0.160078405749755,0.003767580070130926,0.014265490580420342,0.0013203044378723885
axon_v4,3,axon,V4,0.5,0.0,0.7274311227267778,0.005865287165194486,0.08167265599477296,0.0014970845132165438,0.004791462485026679,0.0004990281710721809,0.18588696504410326,0.003960913313617163,0.04660786235435043,0.0032886134967965823,0.05640858107372318,0.0021255821949192136,0.0,0.0,0.12218229336818033,0.0,0.004029184362408798,0.001050163428181744
baseline,3,baseline,none,0.0,0.0,0.7329848633344223,0.0012368307406730242,0.08025699662419689,0.003814500683466618,0.002069040618534248,0.0008221533741991452,0.08025699662419689,0.003814500683466618,0.0022868343678536427,0.0006533812479581837,0.06414025917456169,0.003598543317403531,0.0,0.0,0.06414025917456169,0.003598543317403531,0.0,0.0
dendrite_all,3,dendrite,all,0.0,0.5,0.7157791571381901,0.000326690623979109,0.18425351192420777,0.005348156009063998,0.04878579984754438,0.0007544596787842215,0.45431776108025695,0.005755073619394003,0.44331917673962756,0.002355799591939867,0.09735380594576937,0.003217529500750114,0.005009256234346074,0.0004990281710721809,0.31885004900359365,0.003710492222019112,0.25775890231950344,0.005495786945854527
dendrite_it,3,dendrite,IT,0.0,0.5,0.7414788195578788,0.003172994072597973,0.08657301535445933,0.0029036897802403104,0.0030491124904715237,0.0013203044378723883,0.1319830120875531,0.001987181486539773,0.017423499945551563,0.0009430745984802788,0.0716541435260808,0.0018861491969605496,0.0,0.0,0.0880975715996951,0.0038700545886783963,0.00043558749863878903,0.00018861491969605546
dendrite_v1,3,dendrite,V1,0.0,0.5,0.7253620821082435,0.0018861491969605255,0.1154306871392791,0.0058561819273652395,0.02101709680932157,0.0012368307406730415,0.34139170205815095,0.0008643421467052053,0.28454753348578893,0.006207121855602755,0.06675378416639442,0.0011472997661823782,0.0011978656212566698,0.00018861491969605548,0.20548840248284872,0.003315547718096111,0.09256234346074267,0.0031049934508076307
dendrite_v2,3,dendrite,V2,0.0,0.5,0.7266688446041599,0.0020747641166565588,0.09136447783948602,0.0014731296154272774,0.007840574975498204,0.0008643421467051917,0.21997168681258847,0.0013601215285632994,0.07557443101382989,0.0019142323675538392,0.06163563105738865,0.0008221533741991429,0.00010889687465969726,0.00018861491969605546,0.1356855058259828,0.0009980563421443604,0.009256234346074267,0.0013203044378723885
dendrite_v4,3,dendrite,V4,0.0,0.5,0.7326581727104432,0.003951921444326266,0.08504845910922358,0.00510655519446514,0.005009256234346075,0.001050163428181744,0.1657410432320592,0.002408074092071876,0.03223347489927039,0.0022945995323647482,0.05956659043885441,0.004313471048750597,0.0,0.0,0.10715452466514212,0.0031504902845452274,0.0023957312425133396,0.0007544596787842219
