name,seed,noise_kind,noise_block,sigma_axon,sigma_dendrite,clean_accuracy,white_fgsm_eps2,white_pgd_eps2,transfer_fgsm_eps2,transfer_pgd_eps2,white_fgsm_eps4,white_pgd_eps4,transfer_fgsm_eps4,transfer_pgd_eps4
axon_all,42,axon,all,0.5,0.0,0.7004246978111728,0.2149624305782424,0.08983992159425025,0.5488402482848742,0.5736687357072852,0.1156484808885985,0.011434171839268212,0.42502450179679846,0.46063377981051945
axon_all,43,axon,all,0.5,0.0,0.6968311009474029,0.20483502123489056,0.07807905913100294,0.5249918327344005,0.5511270826527279,0.1074812152891212,0.007187193727540019,0.4139170205815093,0.43907219862789937
axon_all,44,axon,all,0.5,0.0,0.6994446259392355,0.22051617118588696,0.08526625285854296,0.5442665795491669,0.5641947076118915,0.11989545900032669,0.009800718719372754,0.42437112054884024,0.45900032669062396
axon_it,42,axon,IT,0.5,0.0,0.7334204508330611,0.07807905913100294,0.0026135249918327343,0.14537732767069586,0.020581509310682783,0.06174452793204835,0.0,0.09506697157791572,0.0009800718719372753
axon_it,43,axon,IT,0.5,0.0,0.7353805945769356,0.08297941849068932,0.0035935968637700096,0.14276380267886313,0.02221496243057824,0.06697157791571381,0.0,0.0914733747141457,0.0003266906239790918
axon_it,44,axon,IT,0.5,0.0,0.7396275726886639,0.08559294348252205,0.0029402156158118264,0.14407056517477948,0.022541653054557333,0.06631819666775564,0.0,0.09604704344985299,0.0013067624959163672
axon_v1,42,axon,V1,0.5,0.0,0.7236197321136884,0.13100294021561582,0.03201568114995099,0.4580202548186867,0.46194054230643583,0.0718719372754002,0.0009800718719372753,0.31362299901992813,0.29238810846128716
axon_v1,43,axon,V1,0.5,0.0,0.7200261352499183,0.131656321463574,0.02940215615811826,0.46063377981051945,0.45638680169879126,0.07252531852335838,0.0019601437438745506,0.3188500490035936,0.2933681803332244
axon_v1,44,axon,V1,0.5,0.0,0.7177393008820647,0.1355766089513231,0.03038222803005554,0.46912773603397584,0.4737014047696831,0.07709898725906567,0.0022868343678536427,0.32113688337144725,0.3015354459327017
axon_v2,42,axon,V2,0.5,0.0,0.729826853969291,0.09735380594576935,0.008493956223456387,0.24893825547206797,0.10911466840901667,0.06337798105194381,0.0,0.16399869323750407,0.015027768703038223
axon_v2,43,axon,V2,0.5,0.0,0.7252531852335838,0.09572035282587389,0.010127409343351846,0.24795818360013067,0.10813459653707938,0.06501143417183927,0.0,0.15648480888598498,0.015027768703038223
axon_v2,44,axon,V2,0.5,0.0,0.7249264946096047,0.09212675596210389,0.010127409343351846,0.2508983992159425,0.11107481215289121,0.06076445606011108,0.0003266906239790918,0.15975171512577588,0.01274093433518458
axon_v4,42,axon,V4,0.5,0.0,0.7252531852335838,0.08199934661875204,0.004900359359686377,0.18229336818033323,0.04704344985298922,0.05651747794838288,0.0,0.12218229336818033,0.003266906239790918
axon_v4,43,axon,V4,0.5,0.0,0.7340738320810193,0.08297941849068932,0.005227049983665469,0.18523358379614505,0.043123162365240116,0.05847762169225743,0.0,0.12218229336818033,0.0035935968637700096
axon_v4,44,axon,V4,0.5,0.0,0.7229663508657301,0.0800392028748775,0.004246978111728194,0.19013394315583143,0.049656974844821955,0.05423064358052924,0.0,0.12218229336818033,0.005227049983665469
baseline,42,baseline,none,0.0,0.0,0.7344005227049983,0.0836327997386475,0.0029402156158118264,0.0836327997386475,0.0029402156158118264,0.067624959163672,0.0,0.067624959163672,0.0
baseline,43,baseline,none,0.0,0.0,0.7324403789611238,0.0761189153871284,0.0013067624959163672,0.0761189153871284,0.001633453119895459,0.06043776543613198,0.0,0.06043776543613198,0.0
baseline,44,baseline,none,0.0,0.0,0.7321136883371447,0.08101927474681477,0.0019601437438745506,0.08101927474681477,0.0022868343678536427,0.06435805292388108,0.0,0.06435805292388108,0.0
dendrite_all,42,dendrite,all,0.0,0.5,0.715452466514211,0.18556027442012415,0.04835021234890559,0.45606011107481215,0.4452793204835021,0.09996733093760209,0.00555374060764456,0.31721659588369816,0.2557987585756289
dendrite_all,43,dendrite,all,0.0,0.5,0.7161058477621692,0.18882718065991505,0.049656974844821955,0.45900032669062396,0.4439725579875858,0.09833387781770664,0.004900359359686377,0.3230970271153218,0.2639660241751062
dendrite_all,44,dendrite,all,0.0,0.5,0.7157791571381902,0.17837308069258412,0.04835021234890559,0.44789284547533487,0.44070565174779486,0.09376020908199935,0.004573668735707285,0.3162365240117609,0.25351192420777524
dendrite_it,42,dendrite,IT,0.0,0.5,0.7379941195687684,0.08983992159425025,0.001633453119895459,0.13426984645540674,0.01796798431885005,0.07383208101927474,0.0,0.09049330284220843,0.0006533812479581836
dendrite_it,43,dendrite,IT,0.0,0.5,0.7422410976804966,0.08428618098660569,0.004246978111728194,0.1306762495916367,0.01796798431885005,0.07056517477948383,0.0,0.0836327997386475,0.0003266906239790918
dendrite_it,44,dendrite,IT,0.0,0.5,0.7442012414243712,0.08559294348252205,0.003266906239790918,0.13100294021561582,0.01633453119895459,0.07056517477948383,0.0,0.09016661221822933,0.0003266906239790918
dendrite_v1,42,dendrite,V1,0.0,0.5,0.7242731133616466,0.12218229336818033,0.02188827180659915,0.34106501143417184,0.2914080365893499,0.0679516497876511,0.0013067624959163672,0.20614178373080694,0.09572035282587389
dendrite_v1,43,dendrite,V1,0.0,0.5,0.7242731133616466,0.11238157464880758,0.019601437438745508,0.34073832081019273,0.27932048350212346,0.06664488729173473,0.0013067624959163672,0.20189480561907874,0.08951323097027115
dendrite_v1,44,dendrite,V1,0.0,0.5,0.7275400196014374,0.1117281934008494,0.021561581182620058,0.3423717739300882,0.2829140803658935,0.06566481541979745,0.0009800718719372753,0.20842861809866056,0.09245344658608298
dendrite_v2,42,dendrite,V2,0.0,0.5,0.7278667102254165,0.0914733747141457,0.007513884351519112,0.22149624305782423,0.07775236850702384,0.06076445606011108,0.0,0.13459653707938582,0.010454099967330937
dendrite_v2,43,dendrite,V2,0.0,0.5,0.7278667102254165,0.08983992159425025,0.008820646847435479,0.21953609931394968,0.07481215289121203,0.06174452793204835,0.0003266906239790918,0.1359032995753022,0.007840574975498203
dendrite_v2,44,dendrite,V2,0.0,0.5,0.7242731133616466,0.09278013721006208,0.007187193727540019,0.2188827180659915,0.07415877164325384,0.06239790918000653,0.0,0.13655668082326036,0.009474028095393662
dendrite_v4,42,dendrite,V4,0.0,0.5,0.7357072852009148,0.08428618098660569,0.004246978111728194,0.1666122182293368,0.03462920614178373,0.06043776543613198,0.0,0.10846128716105848,0.003266906239790918
dendrite_v4,43,dendrite,V4,0.0,0.5,0.7281934008493957,0.08036589349885659,0.006207121855602744,0.1630186213655668,0.030055537406076447,0.05488402482848742,0.0,0.1035609278013721,0.0019601437438745506
dendrite_v4,44,dendrite,V4,0.0,0.5,0.7340738320810193,0.09049330284220843,0.004573668735707285,0.1675922901012741,0.03201568114995099,0.06337798105194381,0.0,0.10944135903299575,0.0019601437438745506
