name,seed,noise_kind,noise_block,clean_accuracy,baseline_fgsm_accuracy_eps2,baseline_pgd_accuracy_eps2,baseline_fgsm_accuracy_eps4,baseline_pgd_accuracy_eps4
axon_all,43,axon,all,0.6968311009474029,0.5249918327344005,0.5511270826527279,0.4139170205815093,0.43907219862789937
axon_it,43,axon,IT,0.7353805945769356,0.14276380267886313,0.02221496243057824,0.0914733747141457,0.0003266906239790918
axon_v1,43,axon,V1,0.7200261352499183,0.46063377981051945,0.45638680169879126,0.3188500490035936,0.2933681803332244
axon_v2,43,axon,V2,0.7252531852335838,0.24795818360013067,0.10813459653707938,0.15648480888598498,0.015027768703038223
axon_v4,43,axon,V4,0.7340738320810193,0.18523358379614505,0.043123162365240116,0.12218229336818033,0.0035935968637700096
baseline,43,baseline,none,0.7324403789611238,0.0761189153871284,0.001633453119895459,0.06043776543613198,0.0
dendrite_all,43,dendrite,all,0.7161058477621692,0.45900032669062396,0.4439725579875858,0.3230970271153218,0.2639660241751062
dendrite_it,43,dendrite,IT,0.7422410976804966,0.1306762495916367,0.01796798431885005,0.0836327997386475,0.0003266906239790918
dendrite_v1,43,dendrite,V1,0.7242731133616466,0.34073832081019273,0.27932048350212346,0.20189480561907874,0.08951323097027115
dendrite_v2,43,dendrite,V2,0.7278667102254165,0.21953609931394968,0.07481215289121203,0.1359032995753022,0.007840574975498203
dendrite_v4,43,dendrite,V4,0.7281934008493957,0.1630186213655668,0.030055537406076447,0.1035609278013721,0.0019601437438745506
