model,approach,eps,clean,robust,ASR,L2,Linf,jnd_L2,jnd_Linf
mine,transfer,2/255,0.88,0.826,0.067,1.153,0.0078,194.2,3.31
model_kkk_16cm,transfer,2/255,0.892,0.736,0.177,0.007006386079228271,0.0078,2.7021195411135297,6.76
model_kkk_4cm,transfer,2/255,0.898,0.761,0.155,0.007006386079228271,0.0078,0.5448743165477092,1.42
model_kkk_8cm,transfer,2/255,0.878,0.767,0.128,0.007006386079228271,0.0078,1.1336513098150465,3.07
model_kkk_None,transfer,2/255,0.892,0.785,0.121,0.007006386079228271,0.0078,0.2700315321522312,1.0
model_rgb,transfer,2/255,0.902,0.143,0.841,0.007006386079228271,0.0078,,
model_xzk_16cm,transfer,2/255,0.879,0.746,0.151,0.007006386079228271,0.0078,1.560048539872801,6.76
model_xzk_4cm,transfer,2/255,0.899,0.768,0.146,0.007006386079228271,0.0078,0.3157384284630766,1.42
model_xzk_8cm,transfer,2/255,0.876,0.758,0.137,0.007006386079228271,0.0078,0.6549317116119817,3.07
model_xzk_None,transfer,2/255,0.896,0.802,0.106,0.007006386079228271,0.0078,0.15877132402714708,1.0
mine,white-box,2/255,0.884,0.552,0.376,1.086,0.0078,188.9,3.3
model_kkk_16cm,white-box,2/255,0.892,0.189,0.788,0.006976315752707977,0.0078,2.8049600578129317,6.86
model_kkk_4cm,white-box,2/255,0.898,0.246,0.726,0.006928203230275509,0.0078,0.5556996340950148,1.45
model_kkk_8cm,white-box,2/255,0.878,0.216,0.754,0.006976315752707977,0.0078,1.16071460368331,3.1
model_kkk_None,white-box,2/255,0.892,0.342,0.617,0.006958273556795802,0.0078,0.2658216864393902,1.0
model_rgb,white-box,2/255,0.902,0.183,0.797,0.007006386079228271,0.0078,,
model_xzk_16cm,white-box,2/255,0.879,0.2,0.772,0.006982329818012036,0.0078,1.6063568427140527,6.87
model_xzk_4cm,white-box,2/255,0.899,0.363,0.596,0.0069943579486201534,0.0078,0.3061159239765828,1.39
model_xzk_8cm,white-box,2/255,0.876,0.235,0.732,0.006976315752707977,0.0078,0.6729739075241575,3.09
model_xzk_None,white-box,2/255,0.896,0.394,0.56,0.006934217295579568,0.0078,0.15456147831430606,1.0
mine,transfer,4/255,0.884,0.752,0.155,2.191,0.0157,343.2,6.03
model_kkk_16cm,transfer,4/255,0.892,0.551,0.383,0.013381295301530389,0.0157,4.562871346189262,12.1
model_kkk_4cm,transfer,4/255,0.898,0.553,0.384,0.013381295301530389,0.0157,0.8143044421695347,2.44
model_kkk_8cm,transfer,4/255,0.878,0.561,0.362,0.013381295301530389,0.0157,1.8998432295521122,5.57
model_kkk_None,transfer,4/255,0.892,0.652,0.269,0.013381295301530389,0.0157,0.37106782926041576,1.0
model_rgb,transfer,4/255,0.902,0.011,0.988,0.013381295301530389,0.0157,,
model_xzk_16cm,transfer,4/255,0.879,0.558,0.365,0.013381295301530389,0.0157,2.6347620097080733,12.1
model_xzk_4cm,transfer,4/255,0.899,0.613,0.318,0.013381295301530389,0.0157,0.4709013133077885,2.44
model_xzk_8cm,transfer,4/255,0.876,0.563,0.36,0.013381295301530389,0.0157,1.096965511460289,5.57
model_xzk_None,transfer,4/255,0.896,0.682,0.241,0.013381295301530389,0.0157,0.21650635094610965,1.0
mine,white-box,4/255,0.884,0.225,0.745,2.195,0.0157,351.7,6.05
model_kkk_16cm,white-box,4/255,0.892,0.023,0.974,0.01341136562805068,0.0157,4.675334367375156,12.2
model_kkk_4cm,white-box,4/255,0.898,0.035,0.961,0.013309126517881686,0.0157,0.8383607033857691,2.49
model_kkk_8cm,white-box,4/255,0.878,0.033,0.962,0.01345947815048315,0.0157,1.9449487193325516,5.62
model_kkk_None,white-box,4/255,0.892,0.082,0.908,0.013363253105618212,0.0157,0.3680607966083864,1.0
model_rgb,white-box,4/255,0.902,0.025,0.972,0.013387309366834447,0.0157,,
model_xzk_16cm,white-box,4/255,0.879,0.025,0.972,0.01341136562805068,0.0157,2.7027209476439356,12.24
model_xzk_4cm,white-box,4/255,0.899,0.088,0.902,0.01353766099943591,0.0157,0.45586615004764197,2.41
model_xzk_8cm,white-box,4/255,0.876,0.033,0.962,0.0134233937586588,0.0157,1.1240288053285528,5.63
model_xzk_None,white-box,4/255,0.896,0.128,0.857,0.013339196844401978,0.0157,0.21289791176367448,1.0
mine,transfer,8/255,0.884,0.599,0.324,4.045,0.0314,602.4,10.83
model_kkk_16cm,transfer,8/255,0.892,0.22,0.753,0.024970399142451315,0.0314,7.519385849664469,21.15
model_kkk_4cm,transfer,8/255,0.898,0.247,0.725,0.024970399142451315,0.0314,1.3188845211800513,4.17
model_kkk_8cm,transfer,8/255,0.878,0.232,0.736,0.024970399142451315,0.0314,3.2469938576612387,10.01
model_kkk_None,transfer,8/255,0.892,0.351,0.607,0.024970399142451315,0.0314,0.5093913312537636,1.0
model_rgb,transfer,8/255,0.902,0.0,1.0,0.024970399142451315,0.0314,,
model_xzk_16cm,transfer,8/255,0.879,0.259,0.706,0.024970399142451315,0.0314,4.3415537429999045,21.15
model_xzk_4cm,transfer,8/255,0.899,0.286,0.682,0.024970399142451315,0.0314,0.7619820740242248,4.17
model_xzk_8cm,transfer,8/255,0.876,0.26,0.703,0.024970399142451315,0.0314,1.874584155275066,10.01
model_xzk_None,transfer,8/255,0.896,0.439,0.511,0.024970399142451315,0.0314,0.29649341949008906,1.0
mine,white-box,8/255,0.877,0.016,0.982,4.373,0.0314,668.2,10.97
model_kkk_16cm,white-box,8/255,0.892,0.0,1.0,0.02549362282390441,0.0314,7.667331856144312,21.22
model_kkk_4cm,white-box,8/255,0.898,0.0,1.0,0.02528313053826236,0.0314,1.3513604738219678,4.25
model_kkk_8cm,white-box,8/255,0.878,0.002,0.998,0.02567404478302617,0.0314,3.320365454370754,10.1
model_kkk_None,white-box,8/255,0.892,0.011,0.988,0.025427468105559767,0.0314,0.5123983639057929,1.0
model_rgb,white-box,8/255,0.902,0.0,1.0,0.025078652317924367,0.0314,,
model_xzk_16cm,white-box,8/255,0.879,0.0,1.0,0.02529515866887048,0.0314,4.472058960097976,21.5
model_xzk_4cm,white-box,8/255,0.899,0.005,0.994,0.025962719917620985,0.0314,0.7301075279127143,4.13
model_xzk_8cm,white-box,8/255,0.876,0.0,1.0,0.02546956656268818,0.0314,1.909465734038606,10.13
model_xzk_None,white-box,8/255,0.896,0.014,0.984,0.025445510301471942,0.0314,0.29649341949008906,1.0
mine,transfer,16/255,0.887,0.304,0.657,7.301,0.0627,1027.7,19.25
model_kkk_16cm,transfer,16/255,0.892,0.056,0.937,0.045189686694696335,0.0627,12.171866768884204,36.66
model_kkk_4cm,transfer,16/255,0.898,0.065,0.928,0.045189686694696335,0.0627,2.2372322931097997,7.43
model_kkk_8cm,transfer,16/255,0.878,0.055,0.937,0.045189686694696335,0.0627,5.49565287484875,17.88
model_kkk_None,transfer,16/255,0.892,0.099,0.889,0.045189686694696335,0.0627,0.7030442340444506,1.99
model_rgb,transfer,16/255,0.902,0.0,1.0,0.045189686694696335,0.0627,,
model_xzk_16cm,transfer,16/255,0.879,0.056,0.936,0.045189686694696335,0.0627,7.027435307792476,36.66
model_xzk_4cm,transfer,16/255,0.899,0.06,0.933,0.045189686694696335,0.0627,1.2924226338421936,7.43
model_xzk_8cm,transfer,16/255,0.876,0.07,0.92,0.045189686694696335,0.0627,3.173622260951724,17.88
model_xzk_None,transfer,16/255,0.896,0.139,0.845,0.045189686694696335,0.0627,0.40835503414557905,1.99
mine,white-box,16/255,0.882,0.0,1.0,8.383,0.0627,1225.4,19.67
model_kkk_16cm,white-box,16/255,0.892,0.0,1.0,0.047890002016218645,0.0627,12.400401250438431,36.68
model_kkk_4cm,white-box,16/255,0.898,0.0,1.0,0.04753517216327919,0.0627,2.2943659134983565,7.5
model_kkk_8cm,white-box,16/255,0.878,0.0,1.0,0.04829294439159057,0.0627,5.590675106652876,17.96
model_kkk_None,white-box,16/255,0.892,0.0,1.0,0.0481004943018607,0.0627,0.7228906495478439,1.99
model_rgb,white-box,16/255,0.902,0.0,1.0,0.04585724794344684,0.0627,,
model_xzk_16cm,white-box,16/255,0.879,0.0,1.0,0.04677138586966374,0.0627,7.206053047323016,37.17
model_xzk_4cm,white-box,16/255,0.899,0.0,1.0,0.049345405819800826,0.0627,1.2587438681394654,7.38
model_xzk_8cm,white-box,16/255,0.876,0.0,1.0,0.04754118622858325,0.0627,3.199482741759176,18.01
model_xzk_None,white-box,16/255,0.896,0.0,1.0,0.04798021299577952,0.0627,0.41737613210166696,1.99
