,Средняя яркость патча,Яркость фона,Оптимизатор,optimize mode,"Размер патча, см",Кол-во уровней,La
0,100.3806046678135,30,minimize_scalar,abs,orig,17,30.000005881817785
1,100.3806046678135,30,L-BFGS-B,abs,orig,12,247.78727410948247
2,100.3806046678135,30,log_grid_search,abs,orig,12,244.74568303630735
3,100.3806046678135,30,oscillating_optimizer,abs,orig,17,30.00005465942783
4,100.3806046678135,30,minimize_scalar,abs,full,13,211.12144114905632
5,100.3806046678135,30,L-BFGS-B,abs,full,13,211.22099624876552
6,100.3806046678135,30,log_grid_search,abs,full,13,208.37452699966607
7,100.3806046678135,30,oscillating_optimizer,abs,full,13,211.0422287221924
8,100.3806046678135,30,minimize_scalar,abs,4,4,30.00000501571352
9,100.3806046678135,30,L-BFGS-B,abs,4,3,270.68888219079065
10,100.3806046678135,30,log_grid_search,abs,4,3,265.2468571882989
11,100.3806046678135,30,oscillating_optimizer,abs,4,4,30.00005465942783
12,100.3806046678135,30,minimize_scalar,abs,8,9,30.00000146861331
13,100.3806046678135,30,L-BFGS-B,abs,8,6,257.83670259641696
14,100.3806046678135,30,log_grid_search,abs,8,6,265.2468571882989
15,100.3806046678135,30,oscillating_optimizer,abs,8,9,30.00005465942783
16,100.3806046678135,30,minimize_scalar,abs,15,24,30.000001624415024
17,100.3806046678135,30,L-BFGS-B,abs,15,19,238.87291501855557
18,100.3806046678135,30,log_grid_search,abs,15,18,244.74568303630735
19,100.3806046678135,30,oscillating_optimizer,abs,15,24,30.00012990415502
20,100.3806046678135,30,minimize_scalar,square,orig,16,41.23868548673875
21,100.3806046678135,30,L-BFGS-B,square,orig,13,219.3843656658457
22,100.3806046678135,30,log_grid_search,square,orig,12,225.82906353678402
23,100.3806046678135,30,oscillating_optimizer,square,orig,16,33.492980349556156
24,100.3806046678135,30,minimize_scalar,square,full,14,150.03927842317776
25,100.3806046678135,30,L-BFGS-B,square,full,14,150.05094762250437
26,100.3806046678135,30,log_grid_search,square,full,14,151.04411211565244
27,100.3806046678135,30,oscillating_optimizer,square,full,14,150.01148375667745
28,100.3806046678135,30,minimize_scalar,square,4,4,30.301615732085523
29,100.3806046678135,30,L-BFGS-B,square,4,3,267.3098126910362
30,100.3806046678135,30,log_grid_search,square,4,3,265.2468571882989
31,100.3806046678135,30,oscillating_optimizer,square,4,4,30.30142399528148
32,100.3806046678135,30,minimize_scalar,square,8,9,31.27050727907946
33,100.3806046678135,30,L-BFGS-B,square,8,6,243.97862910057674
34,100.3806046678135,30,log_grid_search,square,8,6,244.74568303630735
35,100.3806046678135,30,oscillating_optimizer,square,8,9,31.270899043762387
36,100.3806046678135,30,minimize_scalar,square,15,20,193.46619243378498
37,100.3806046678135,30,L-BFGS-B,square,15,20,193.47594981913522
38,100.3806046678135,30,log_grid_search,square,15,20,192.26906768473674
39,100.3806046678135,30,oscillating_optimizer,square,15,20,193.51696244843603
40,100.3806046678135,60,minimize_scalar,abs,orig,15,59.99998949112783
41,100.3806046678135,60,L-BFGS-B,abs,orig,12,276.5065923607119
42,100.3806046678135,60,log_grid_search,abs,orig,12,265.2468571882989
43,100.3806046678135,60,oscillating_optimizer,abs,orig,15,59.99950450733898
44,100.3806046678135,60,minimize_scalar,abs,full,13,211.12144114905632
45,100.3806046678135,60,L-BFGS-B,abs,full,13,211.22099624876552
46,100.3806046678135,60,log_grid_search,abs,full,13,208.37452699966607
47,100.3806046678135,60,oscillating_optimizer,abs,full,13,211.0422287221924
48,100.3806046678135,60,minimize_scalar,abs,4,4,60.000001572066644
49,100.3806046678135,60,L-BFGS-B,abs,4,3,287.46531654996636
50,100.3806046678135,60,log_grid_search,abs,4,3,287.46531654996636
51,100.3806046678135,60,oscillating_optimizer,abs,4,4,59.99950450733898
52,100.3806046678135,60,minimize_scalar,abs,8,8,60.00000742853684
53,100.3806046678135,60,L-BFGS-B,abs,8,6,286.04417541519973
54,100.3806046678135,60,log_grid_search,abs,8,6,287.46531654996636
55,100.3806046678135,60,oscillating_optimizer,abs,8,8,59.99950450733898
56,100.3806046678135,60,minimize_scalar,abs,15,18,268.07112944753345
57,100.3806046678135,60,L-BFGS-B,abs,15,18,268.0711584683091
58,100.3806046678135,60,log_grid_search,abs,15,18,265.2468571882989
59,100.3806046678135,60,oscillating_optimizer,abs,15,23,59.99950450733898
60,100.3806046678135,60,minimize_scalar,square,orig,13,185.31967367237738
61,100.3806046678135,60,L-BFGS-B,square,orig,13,185.34883370804394
62,100.3806046678135,60,log_grid_search,square,orig,13,192.26906768473674
63,100.3806046678135,60,oscillating_optimizer,square,orig,14,79.34261105953713
64,100.3806046678135,60,minimize_scalar,square,full,14,150.03927842317776
65,100.3806046678135,60,L-BFGS-B,square,full,14,150.05094762250437
66,100.3806046678135,60,log_grid_search,square,full,14,151.04411211565244
67,100.3806046678135,60,oscillating_optimizer,square,full,14,150.01148375667745
68,100.3806046678135,60,minimize_scalar,square,4,4,60.47617521562664
69,100.3806046678135,60,L-BFGS-B,square,4,3,283.67427167448176
70,100.3806046678135,60,log_grid_search,square,4,3,287.46531654996636
71,100.3806046678135,60,oscillating_optimizer,square,4,4,60.47658935258254
72,100.3806046678135,60,minimize_scalar,square,8,6,231.15557268836298
73,100.3806046678135,60,L-BFGS-B,square,8,6,231.1820247782531
74,100.3806046678135,60,log_grid_search,square,8,6,225.82906353678402
75,100.3806046678135,60,oscillating_optimizer,square,8,8,61.95863337482426
76,100.3806046678135,60,minimize_scalar,square,15,20,158.5538467579733
77,100.3806046678135,60,L-BFGS-B,square,15,20,158.58533222300474
78,100.3806046678135,60,log_grid_search,square,15,20,163.696354266361
79,100.3806046678135,60,oscillating_optimizer,square,15,20,158.55915005423927
80,100.3806046678135,90,minimize_scalar,abs,orig,14,90.00002006380062
81,100.3806046678135,90,L-BFGS-B,abs,orig,12,287.46531654996636
82,100.3806046678135,90,log_grid_search,abs,orig,12,287.46531654996636
83,100.3806046678135,90,oscillating_optimizer,abs,orig,14,90.00377675228629
84,100.3806046678135,90,minimize_scalar,abs,full,13,211.12144114905632
85,100.3806046678135,90,L-BFGS-B,abs,full,13,211.22099624876552
86,100.3806046678135,90,log_grid_search,abs,full,13,208.37452699966607
87,100.3806046678135,90,oscillating_optimizer,abs,full,13,211.0422287221924
88,100.3806046678135,90,minimize_scalar,abs,4,3,90.00000116157828
89,100.3806046678135,90,L-BFGS-B,abs,4,3,287.46531654996636
90,100.3806046678135,90,log_grid_search,abs,4,3,93.21645032415701
91,100.3806046678135,90,oscillating_optimizer,abs,4,3,90.00377675228629
92,100.3806046678135,90,minimize_scalar,abs,8,8,90.00000148867319
93,100.3806046678135,90,L-BFGS-B,abs,8,6,287.46531654996636
94,100.3806046678135,90,log_grid_search,abs,8,6,287.46531654996636
95,100.3806046678135,90,oscillating_optimizer,abs,8,8,90.00377675228629
96,100.3806046678135,90,minimize_scalar,abs,15,23,89.99999137460617
97,100.3806046678135,90,L-BFGS-B,abs,15,18,287.46531654996636
98,100.3806046678135,90,log_grid_search,abs,15,18,287.46531654996636
99,100.3806046678135,90,oscillating_optimizer,abs,15,23,90.00377675228629
100,100.3806046678135,90,minimize_scalar,square,orig,15,95.16518714582888
101,100.3806046678135,90,L-BFGS-B,square,orig,14,157.78699338032112
102,100.3806046678135,90,log_grid_search,square,orig,13,163.696354266361
103,100.3806046678135,90,oscillating_optimizer,square,orig,14,114.3253074076882
104,100.3806046678135,90,minimize_scalar,square,full,14,150.03927842317776
105,100.3806046678135,90,L-BFGS-B,square,full,14,150.05094762250437
106,100.3806046678135,90,log_grid_search,square,full,14,151.04411211565244
107,100.3806046678135,90,oscillating_optimizer,square,full,14,150.01148375667745
108,100.3806046678135,90,minimize_scalar,square,4,3,90.66233618140869
109,100.3806046678135,90,L-BFGS-B,square,4,3,284.0156180221619
110,100.3806046678135,90,log_grid_search,square,4,3,93.21645032415701
111,100.3806046678135,90,oscillating_optimizer,square,4,3,90.66722928283062
112,100.3806046678135,90,minimize_scalar,square,8,8,92.55616817257874
113,100.3806046678135,90,L-BFGS-B,square,8,6,191.5622138505941
114,100.3806046678135,90,log_grid_search,square,8,8,93.21645032415701
115,100.3806046678135,90,oscillating_optimizer,square,8,8,95.55938177273266
116,100.3806046678135,90,minimize_scalar,square,15,21,145.65500005264477
117,100.3806046678135,90,L-BFGS-B,square,15,21,145.66874189134208
118,100.3806046678135,90,log_grid_search,square,15,21,151.04411211565244
119,100.3806046678135,90,oscillating_optimizer,square,15,21,145.6482158596557
