,Средняя яркость патча,Яркость фона,optimize mode,La,"Размер патча, см",Кол-во уровней
0,9.155382841856174,30,abs,86.51840613622278,,14
1,9.155382841856174,30,abs,30.00000060603427,2.0,3
2,9.155382841856174,30,abs,30.000002810824693,4.0,4
3,9.155382841856174,30,abs,30.000000214125894,8.0,6
4,9.155382841856174,30,abs,83.3842622639263,16.0,19
5,9.155382841856174,30,square,83.58117884483607,,14
6,9.155382841856174,30,square,30.880308053318117,2.0,3
7,9.155382841856174,30,square,115.13162691297927,4.0,3
8,9.155382841856174,30,square,93.04584813488876,8.0,5
9,9.155382841856174,30,square,80.3369615008038,16.0,19
10,9.155382841856174,60,abs,80.72117872410664,,14
11,9.155382841856174,60,abs,59.99999523376216,2.0,3
12,9.155382841856174,60,abs,60.000008336389584,4.0,4
13,9.155382841856174,60,abs,88.48278660902211,8.0,5
14,9.155382841856174,60,abs,77.74495823962383,16.0,20
15,9.155382841856174,60,square,83.20946059371309,,14
16,9.155382841856174,60,square,62.366411593752346,2.0,3
17,9.155382841856174,60,square,94.53679308814843,4.0,3
18,9.155382841856174,60,square,90.79431933537845,8.0,5
19,9.155382841856174,60,square,80.15807087479662,16.0,19
20,9.155382841856174,90,abs,90.00000911555685,,14
21,9.155382841856174,90,abs,89.999985027612,2.0,3
22,9.155382841856174,90,abs,90.00000309980798,4.0,3
23,9.155382841856174,90,abs,90.00001513269788,8.0,5
24,9.155382841856174,90,abs,88.47489844606123,16.0,19
25,9.155382841856174,90,square,84.06552321572224,,14
26,9.155382841856174,90,square,91.38999012604523,2.0,3
27,9.155382841856174,90,square,93.02604574640479,4.0,3
28,9.155382841856174,90,square,91.18389696021292,8.0,5
29,9.155382841856174,90,square,80.85861243753732,16.0,19
