,Средняя яркость патча,18% от макс яркости,Яркость фона,Оптимизатор,optimize mode,"Размер патча, см",Кол-во уровней,La
0,150.05,54.0,30,minimize_scalar,abs,orig,17,29.999994854957226
1,150.05,54.0,30,L-BFGS-B,abs,orig,12,247.7872739673132
2,150.05,54.0,30,log_grid_search,abs,orig,12,255.19747961618353
3,150.05,54.0,30,oscillating_optimizer,abs,orig,17,30.00005465942783
4,150.05,54.0,30,minimize_scalar,abs,full,12,253.92809284372942
5,150.05,54.0,30,L-BFGS-B,abs,full,12,254.13293942338126
6,150.05,54.0,30,log_grid_search,abs,full,12,255.19747961618353
7,150.05,54.0,30,oscillating_optimizer,abs,full,12,254.13970709916296
8,150.05,54.0,30,minimize_scalar,abs,4,12,30.000003560963417
9,150.05,54.0,30,L-BFGS-B,abs,4,9,252.66205131071163
10,150.05,54.0,30,log_grid_search,abs,4,9,255.19747961618353
11,150.05,54.0,30,oscillating_optimizer,abs,4,12,30.00005465942783
12,150.05,54.0,30,minimize_scalar,abs,8,37,29.9999986421269
13,150.05,54.0,30,L-BFGS-B,abs,8,27,228.4281794924718
14,150.05,54.0,30,log_grid_search,abs,8,27,235.37153734362462
15,150.05,54.0,30,oscillating_optimizer,abs,8,37,30.00005465942783
16,150.05,54.0,30,minimize_scalar,abs,15,67,198.4552321445485
17,150.05,54.0,30,L-BFGS-B,abs,15,67,198.45521005355758
18,150.05,54.0,30,log_grid_search,abs,15,67,200.2207436782648
19,150.05,54.0,30,oscillating_optimizer,abs,15,86,30.000129596993006
20,150.05,54.0,30,minimize_scalar,square,orig,17,31.061269425521424
21,150.05,54.0,30,L-BFGS-B,square,orig,12,242.8973742038581
22,150.05,54.0,30,log_grid_search,square,orig,12,235.37153734362462
23,150.05,54.0,30,oscillating_optimizer,square,orig,17,31.060868149562676
24,150.05,54.0,30,minimize_scalar,square,full,14,144.03701552759742
25,150.05,54.0,30,L-BFGS-B,square,full,14,144.03496270824593
26,150.05,54.0,30,log_grid_search,square,full,14,144.88363132100483
27,150.05,54.0,30,oscillating_optimizer,square,full,14,144.03867485889958
28,150.05,54.0,30,minimize_scalar,square,4,12,30.75465523874453
29,150.05,54.0,30,L-BFGS-B,square,4,9,249.23000269013505
30,150.05,54.0,30,log_grid_search,square,4,9,255.19747961618353
31,150.05,54.0,30,oscillating_optimizer,square,4,12,30.754982570960035
32,150.05,54.0,30,minimize_scalar,square,8,28,212.86044720973084
33,150.05,54.0,30,L-BFGS-B,square,8,28,212.86835671108622
34,150.05,54.0,30,log_grid_search,square,8,28,217.08584534150768
35,150.05,54.0,30,oscillating_optimizer,square,8,36,41.86910543689857
36,150.05,54.0,30,minimize_scalar,square,15,71,145.05413670330654
37,150.05,54.0,30,L-BFGS-B,square,15,71,145.053341289269
38,150.05,54.0,30,log_grid_search,square,15,71,144.88363132100483
39,150.05,54.0,30,oscillating_optimizer,square,15,71,144.9287938903022
40,150.05,54.0,60,minimize_scalar,abs,orig,15,60.000008511929884
41,150.05,54.0,60,L-BFGS-B,abs,orig,12,276.5065934739643
42,150.05,54.0,60,log_grid_search,abs,orig,12,276.69341135064104
43,150.05,54.0,60,oscillating_optimizer,abs,orig,15,59.99950450733898
44,150.05,54.0,60,minimize_scalar,abs,full,12,253.92809284372942
45,150.05,54.0,60,L-BFGS-B,abs,full,12,254.13293942338126
46,150.05,54.0,60,log_grid_search,abs,full,12,255.19747961618353
47,150.05,54.0,60,oscillating_optimizer,abs,full,12,254.13970709916296
48,150.05,54.0,60,minimize_scalar,abs,4,12,59.999988921714184
49,150.05,54.0,60,L-BFGS-B,abs,4,9,281.1296218267017
50,150.05,54.0,60,log_grid_search,abs,4,9,276.69341135064104
51,150.05,54.0,60,oscillating_optimizer,abs,4,12,59.99950450733898
52,150.05,54.0,60,minimize_scalar,abs,8,35,59.99999766833829
53,150.05,54.0,60,L-BFGS-B,abs,8,27,258.22205235562285
54,150.05,54.0,60,log_grid_search,abs,8,27,255.19747961618353
55,150.05,54.0,60,oscillating_optimizer,abs,8,35,59.99950450733898
56,150.05,54.0,60,minimize_scalar,abs,15,65,230.22236184217414
57,150.05,54.0,60,L-BFGS-B,abs,15,65,230.22233991207042
58,150.05,54.0,60,log_grid_search,abs,15,64,235.37153734362462
59,150.05,54.0,60,oscillating_optimizer,abs,15,81,59.99950450733898
60,150.05,54.0,60,minimize_scalar,square,orig,15,61.33980128954274
61,150.05,54.0,60,L-BFGS-B,square,orig,12,255.77737141702514
62,150.05,54.0,60,log_grid_search,square,orig,12,255.19747961618353
63,150.05,54.0,60,oscillating_optimizer,square,orig,15,61.340617725800286
64,150.05,54.0,60,minimize_scalar,square,full,14,144.03701552759742
65,150.05,54.0,60,L-BFGS-B,square,full,14,144.03496270824593
66,150.05,54.0,60,log_grid_search,square,full,14,144.88363132100483
67,150.05,54.0,60,oscillating_optimizer,square,full,14,144.03867485889958
68,150.05,54.0,60,minimize_scalar,square,4,12,60.96227326357713
69,150.05,54.0,60,L-BFGS-B,square,4,9,266.54507982864806
70,150.05,54.0,60,log_grid_search,square,4,9,276.69341135064104
71,150.05,54.0,60,oscillating_optimizer,square,4,12,60.96152259327531
72,150.05,54.0,60,minimize_scalar,square,8,28,192.8143250714985
73,150.05,54.0,60,L-BFGS-B,square,8,28,192.89693262293042
74,150.05,54.0,60,log_grid_search,square,8,28,200.2207436782648
75,150.05,54.0,60,oscillating_optimizer,square,8,35,65.26834353714408
76,150.05,54.0,60,minimize_scalar,square,15,73,123.7636981773558
77,150.05,54.0,60,L-BFGS-B,square,15,73,123.75726788997875
78,150.05,54.0,60,log_grid_search,square,15,73,123.24645850253575
79,150.05,54.0,60,oscillating_optimizer,square,15,73,123.7592648522801
80,150.05,54.0,90,minimize_scalar,abs,orig,14,89.9999962507502
81,150.05,54.0,90,L-BFGS-B,abs,orig,12,299.99999999999994
82,150.05,54.0,90,log_grid_search,abs,orig,12,299.99999999999994
83,150.05,54.0,90,oscillating_optimizer,abs,orig,14,90.00377675228629
84,150.05,54.0,90,minimize_scalar,abs,full,12,253.92809284372942
85,150.05,54.0,90,L-BFGS-B,abs,full,12,254.13293942338126
86,150.05,54.0,90,log_grid_search,abs,full,12,255.19747961618353
87,150.05,54.0,90,oscillating_optimizer,abs,full,12,254.13970709916296
88,150.05,54.0,90,minimize_scalar,abs,4,11,89.99998685484303
89,150.05,54.0,90,L-BFGS-B,abs,4,9,299.99999999999994
90,150.05,54.0,90,log_grid_search,abs,4,9,299.99999999999994
91,150.05,54.0,90,oscillating_optimizer,abs,4,11,90.00377675228629
92,150.05,54.0,90,minimize_scalar,abs,8,33,89.9999943113945
93,150.05,54.0,90,L-BFGS-B,abs,8,26,283.4428703016481
94,150.05,54.0,90,log_grid_search,abs,8,26,276.69341135064104
95,150.05,54.0,90,oscillating_optimizer,abs,8,33,90.00377675228629
96,150.05,54.0,90,minimize_scalar,abs,15,63,257.9125115147991
97,150.05,54.0,90,L-BFGS-B,abs,15,63,257.9125014352635
98,150.05,54.0,90,log_grid_search,abs,15,63,255.19747961618353
99,150.05,54.0,90,oscillating_optimizer,abs,15,77,95.55938177273266
100,150.05,54.0,90,minimize_scalar,square,orig,14,91.2291661493239
101,150.05,54.0,90,L-BFGS-B,square,orig,12,246.6388994068672
102,150.05,54.0,90,log_grid_search,square,orig,14,89.18353876456675
103,150.05,54.0,90,oscillating_optimizer,square,orig,14,91.23133284904394
104,150.05,54.0,90,minimize_scalar,square,full,14,144.03701552759742
105,150.05,54.0,90,L-BFGS-B,square,full,14,144.03496270824593
106,150.05,54.0,90,log_grid_search,square,full,14,144.88363132100483
107,150.05,54.0,90,oscillating_optimizer,square,full,14,144.03867485889958
108,150.05,54.0,90,minimize_scalar,square,4,11,90.90044432334234
109,150.05,54.0,90,L-BFGS-B,square,4,9,267.8752175982943
110,150.05,54.0,90,log_grid_search,square,4,11,89.18353876456675
111,150.05,54.0,90,oscillating_optimizer,square,4,11,90.89952310597582
112,150.05,54.0,90,minimize_scalar,square,8,33,93.22400493385256
113,150.05,54.0,90,L-BFGS-B,square,8,30,141.70683423305118
114,150.05,54.0,90,log_grid_search,square,8,33,96.69569469966359
115,150.05,54.0,90,oscillating_optimizer,square,8,33,95.55938177273266
116,150.05,54.0,90,minimize_scalar,square,15,74,119.20603393839836
117,150.05,54.0,90,L-BFGS-B,square,15,74,119.22320796293937
118,150.05,54.0,90,log_grid_search,square,15,73,123.24645850253575
119,150.05,54.0,90,oscillating_optimizer,square,15,74,119.20330540274752
