name,seed,noise_schedule,sigma_axon,sigma_dendrite,clean_accuracy,white_fgsm_accuracy,white_pgd_accuracy,transfer_fgsm_accuracy,transfer_pgd_accuracy
axon_fixed_050,42,fixed,0.5,0.0,0.6991179353152565,0.06566481541979745,0.0009800718719372753,0.2698464554067298,0.2584122835674616
axon_fixed_050,43,fixed,0.5,0.0,0.700751388435152,0.06337798105194381,0.0003266906239790918,0.2760535772623326,0.2626592616791898
axon_fixed_050,44,fixed,0.5,0.0,0.6991179353152565,0.0637046716759229,0.0003266906239790918,0.28128062724599806,0.27278667102254167
axon_linear_050,42,linear,0.5,0.0,0.7206795164978765,0.0437765436131983,0.0,0.08951323097027115,0.005227049983665469
axon_linear_050,43,linear,0.5,0.0,0.7210062071218556,0.02188827180659915,0.0,0.04573668735707285,0.0
axon_linear_050,44,linear,0.5,0.0,0.7167592290101275,0.06533812479581835,0.0,0.1479908526625286,0.04737014047696831
axon_linear_100,42,linear,1.0,0.0,0.7216595883698138,0.018948056190787325,0.0,0.05880431231623652,0.0
axon_linear_100,43,linear,1.0,0.0,0.725906566481542,0.023848415550473703,0.0,0.04540999673309376,0.0
axon_linear_100,44,linear,1.0,0.0,0.7180659915060438,0.0199281280627246,0.0,0.0437765436131983,0.0
baseline,42,fixed,0.0,0.0,0.7415877164325384,0.026135249918327344,0.0,0.026135249918327344,0.0
baseline,43,fixed,0.0,0.0,0.740280953936622,0.025808559294348252,0.0,0.025808559294348252,0.0
baseline,44,fixed,0.0,0.0,0.7386475008167266,0.02940215615811826,0.0,0.02940215615811826,0.0
dendrite_fixed_050,42,fixed,0.0,0.5,0.7242731133616466,0.05651747794838288,0.0,0.1875204181639987,0.06501143417183927
dendrite_fixed_050,43,fixed,0.0,0.5,0.7200261352499183,0.046063377981051944,0.0,0.1711858869650441,0.04181639986932375
dendrite_fixed_050,44,fixed,0.0,0.5,0.711858869650441,0.053250571708591966,0.0,0.18360013067624958,0.05847762169225743
dendrite_linear_050,42,linear,0.0,0.5,0.7308069258412283,0.05292388108461287,0.0,0.09735380594576935,0.005227049983665469
dendrite_linear_050,43,linear,0.0,0.5,0.7213328977458346,0.02515517804639007,0.0,0.04639006860503104,0.0
dendrite_linear_050,44,linear,0.0,0.5,0.7281934008493957,0.0558640967004247,0.0,0.09735380594576935,0.004900359359686377
dendrite_linear_100,42,linear,0.0,1.0,0.7216595883698138,0.018948056190787325,0.0,0.05880431231623652,0.0
dendrite_linear_100,43,linear,0.0,1.0,0.7275400196014374,0.01829467494282914,0.0,0.057170859196341066,0.0
dendrite_linear_100,44,linear,0.0,1.0,0.7121855602744201,0.024501796798431886,0.0,0.04246978111728193,0.0
