sweep_kind,sweep_level,seeds,clean_mean,clean_std,white_fgsm_mean,white_fgsm_std,white_pgd_mean,white_pgd_std,transfer_fgsm_mean,transfer_fgsm_std,transfer_pgd_mean,transfer_pgd_std
axon,0.25,1,0.7432211695524339,0.0,0.03462920614178373,0.0,0.0,0.0,0.08199934661875204,0.0,0.0006533812479581836,0.0
axon,0.5,1,0.7115321790264619,0.0,0.06533812479581835,0.0,0.0003266906239790918,0.0,0.25612544919960795,0.0,0.20287487749101601,0.0
axon,1.0,1,0.5442665795491669,0.0,0.1156484808885985,0.0,0.010127409343351846,0.0,0.46488075792224764,0.0,0.5040836327997387,0.0
axon,2.0,1,0.10192747468147664,0.0,0.03626265926167919,0.0,0.01633453119895459,0.0,0.10258085592943482,0.0,0.10225416530545574,0.0
axon,4.0,1,0.037242731133616466,0.0,0.01274093433518458,0.0,0.008167265599477294,0.0,0.03626265926167919,0.0,0.03658934988565828,0.0
baseline,0.0,1,0.7468147664162038,0.0,0.02515517804639007,0.0,0.0,0.0,0.02515517804639007,0.0,0.0,0.0
contrast,0.5,1,0.7468147664162038,0.0,0.02744201241424371,0.0,0.0,0.0,0.037569421757595554,0.0,0.0,0.0
contrast,1.0,1,0.7314603070891865,0.0,0.03136229990199281,0.0,0.0,0.0,0.06403136229990199,0.0,0.0,0.0
contrast,2.0,1,0.6886638353479255,0.0,0.03234237177393009,0.0,0.0,0.0,0.12414243711205489,0.0,0.010454099967330937,0.0
contrast,4.0,1,0.6354132636393336,0.0,0.02515517804639007,0.0,0.0,0.0,0.17249264946096046,0.0,0.06631819666775564,0.0
contrast,8.0,1,0.6079712512250899,0.0,0.03136229990199281,0.0,0.0,0.0,0.18523358379614505,0.0,0.12120222149624306,0.0
dendrite,0.25,1,0.7428944789284547,0.0,0.03136229990199281,0.0,0.0,0.0,0.05488402482848742,0.0,0.0,0.0
dendrite,0.5,1,0.729826853969291,0.0,0.053577262332571055,0.0,0.0,0.0,0.16563214635739953,0.0,0.03854949362953283,0.0
dendrite,1.0,1,0.612218229336818,0.0,0.09931394968964391,0.0,0.0022868343678536427,0.0,0.4037896112381575,0.0,0.46488075792224764,0.0
dendrite,2.0,1,0.17837308069258412,0.0,0.06501143417183927,0.0,0.01274093433518458,0.0,0.167265599477295,0.0,0.17347272133289773,0.0
dendrite,4.0,1,0.0637046716759229,0.0,0.016007840574975497,0.0,0.009474028095393662,0.0,0.062071218556027444,0.0,0.06239790918000653,0.0
lateral,0.5,1,0.6981378634433192,0.0,0.02548186867036916,0.0,0.0,0.0,0.0914733747141457,0.0,0.004573668735707285,0.0
lateral,1.0,1,0.66187520418164,0.0,0.027768703038222802,0.0,0.0,0.0,0.1796798431885005,0.0,0.06501143417183927,0.0
lateral,2.0,1,0.5606011107481216,0.0,0.017314603070891867,0.0,0.0,0.0,0.2985952303168899,0.0,0.27344005227049983,0.0
lateral,4.0,1,0.4501796798431885,0.0,0.007187193727540019,0.0,0.0,0.0,0.35968637700098005,0.0,0.36426004573668735,0.0
lateral,8.0,1,0.3221169552433845,0.0,0.016987912446912775,0.0,0.0,0.0,0.3103560927801372,0.0,0.313296308395949,0.0
pyramidal,0.0,1,0.740280953936622,0.0,0.024175106174452794,0.0,0.0,0.0,0.028422084286180985,0.0,0.0,0.0
pyramidal,0.5,1,0.7379941195687684,0.0,0.023848415550473703,0.0,0.0,0.0,0.03952956550147011,0.0,0.0,0.0
pyramidal,1.0,1,0.7311336164652075,0.0,0.021561581182620058,0.0,0.0,0.0,0.05684416857236197,0.0,0.0,0.0
pyramidal,2.0,1,0.6919307415877164,0.0,0.03266906239790918,0.0,0.0,0.0,0.09474028095393662,0.0,0.0019601437438745506,0.0
pyramidal,4.0,1,0.640640313622999,0.0,0.046063377981051944,0.0,0.0,0.0,0.12152891212022215,0.0,0.018621365566808233,0.0
pyramidal,8.0,1,0.5014701078079059,0.0,0.06076445606011108,0.0,0.0,0.0,0.11891538712838942,0.0,0.04933028422084286,0.0
