name,seed,sweep_kind,sweep_level,clean_accuracy,baseline_fgsm_accuracy,baseline_pgd_accuracy
axon_025,42,axon,0.25,0.7432211695524339,0.08199934661875204,0.0006533812479581836
axon_050,42,axon,0.5,0.7115321790264619,0.25612544919960795,0.20287487749101601
axon_100,42,axon,1.0,0.5442665795491669,0.46488075792224764,0.5040836327997387
axon_200,42,axon,2.0,0.10192747468147664,0.10258085592943482,0.10225416530545574
axon_400,42,axon,4.0,0.037242731133616466,0.03626265926167919,0.03658934988565828
baseline,42,baseline,0.0,0.7468147664162038,0.02515517804639007,0.0
contrast_050,42,contrast,0.5,0.7468147664162038,0.037569421757595554,0.0
contrast_100,42,contrast,1.0,0.7314603070891865,0.06403136229990199,0.0
contrast_200,42,contrast,2.0,0.6886638353479255,0.12414243711205489,0.010454099967330937
contrast_400,42,contrast,4.0,0.6354132636393336,0.17249264946096046,0.06631819666775564
contrast_800,42,contrast,8.0,0.6079712512250899,0.18523358379614505,0.12120222149624306
dendrite_025,42,dendrite,0.25,0.7428944789284547,0.05488402482848742,0.0
dendrite_050,42,dendrite,0.5,0.729826853969291,0.16563214635739953,0.03854949362953283
dendrite_100,42,dendrite,1.0,0.612218229336818,0.4037896112381575,0.46488075792224764
dendrite_200,42,dendrite,2.0,0.17837308069258412,0.167265599477295,0.17347272133289773
dendrite_400,42,dendrite,4.0,0.0637046716759229,0.062071218556027444,0.06239790918000653
lateral_050,42,lateral,0.5,0.6981378634433192,0.0914733747141457,0.004573668735707285
lateral_100,42,lateral,1.0,0.66187520418164,0.1796798431885005,0.06501143417183927
lateral_200,42,lateral,2.0,0.5606011107481216,0.2985952303168899,0.27344005227049983
lateral_400,42,lateral,4.0,0.4501796798431885,0.35968637700098005,0.36426004573668735
lateral_800,42,lateral,8.0,0.3221169552433845,0.3103560927801372,0.313296308395949
pyramidal_000,42,pyramidal,0.0,0.740280953936622,0.028422084286180985,0.0
pyramidal_050,42,pyramidal,0.5,0.7379941195687684,0.03952956550147011,0.0
pyramidal_100,42,pyramidal,1.0,0.7311336164652075,0.05684416857236197,0.0
pyramidal_200,42,pyramidal,2.0,0.6919307415877164,0.09474028095393662,0.0019601437438745506
pyramidal_400,42,pyramidal,4.0,0.640640313622999,0.12152891212022215,0.018621365566808233
pyramidal_800,42,pyramidal,8.0,0.5014701078079059,0.11891538712838942,0.04933028422084286
