Model,Model Seed,Evaluation,Attack,Attack Source Seed,Accuracy
baseline,42,clean,clean,,0.8574
baseline,42,whitebox,fgsm,42,0.0456
baseline,42,whitebox,pgd10,42,0.0003
baseline,42,whitebox,pgd50,42,0.0002
baseline,42,transfer,fgsm,43,0.2383
baseline,42,transfer,pgd10,43,0.2308
baseline,42,transfer,fgsm,44,0.2358
baseline,42,transfer,pgd10,44,0.2074
baseline,42,transfer,fgsm,45,0.2331
baseline,42,transfer,pgd10,45,0.2111
baseline,42,transfer,fgsm,46,0.2177
baseline,42,transfer,pgd10,46,0.181
activation_block1,42,clean,clean,,0.8568
activation_block1,42,whitebox,fgsm,42,0.0752
activation_block1,42,whitebox,pgd10,42,0.0003
activation_block1,42,whitebox,pgd50,42,0.0001
activation_block1,42,transfer,fgsm,43,0.2769
activation_block1,42,transfer,pgd10,43,0.2621
activation_block1,42,transfer,fgsm,44,0.2802
activation_block1,42,transfer,pgd10,44,0.2499
activation_block1,42,transfer,fgsm,45,0.2789
activation_block1,42,transfer,pgd10,45,0.2615
activation_block1,42,transfer,fgsm,46,0.267
activation_block1,42,transfer,pgd10,46,0.2325
parameters_block1,42,clean,clean,,0.8599
parameters_block1,42,whitebox,fgsm,42,0.0596
parameters_block1,42,whitebox,pgd10,42,0.0004
parameters_block1,42,whitebox,pgd50,42,0.0
parameters_block1,42,transfer,fgsm,43,0.2641
parameters_block1,42,transfer,pgd10,43,0.3011
parameters_block1,42,transfer,fgsm,44,0.2766
parameters_block1,42,transfer,pgd10,44,0.2619
parameters_block1,42,transfer,fgsm,45,0.2667
parameters_block1,42,transfer,pgd10,45,0.2658
parameters_block1,42,transfer,fgsm,46,0.2589
parameters_block1,42,transfer,pgd10,46,0.2545
parameters_blocks,42,clean,clean,,0.8629
parameters_blocks,42,whitebox,fgsm,42,0.0517
parameters_blocks,42,whitebox,pgd10,42,0.0003
parameters_blocks,42,whitebox,pgd50,42,0.0001
parameters_blocks,42,transfer,fgsm,43,0.2827
parameters_blocks,42,transfer,pgd10,43,0.2768
parameters_blocks,42,transfer,fgsm,44,0.2946
parameters_blocks,42,transfer,pgd10,44,0.2573
parameters_blocks,42,transfer,fgsm,45,0.2847
parameters_blocks,42,transfer,pgd10,45,0.249
parameters_blocks,42,transfer,fgsm,46,0.2664
parameters_blocks,42,transfer,pgd10,46,0.2284
baseline,43,clean,clean,,0.8544
baseline,43,whitebox,fgsm,43,0.0563
baseline,43,whitebox,pgd10,43,0.0012
baseline,43,whitebox,pgd50,43,0.0006
baseline,43,transfer,fgsm,42,0.2201
baseline,43,transfer,pgd10,42,0.1838
baseline,43,transfer,fgsm,44,0.2359
baseline,43,transfer,pgd10,44,0.2128
baseline,43,transfer,fgsm,45,0.2295
baseline,43,transfer,pgd10,45,0.2097
baseline,43,transfer,fgsm,46,0.2199
baseline,43,transfer,pgd10,46,0.1929
activation_block1,43,clean,clean,,0.8564
activation_block1,43,whitebox,fgsm,43,0.0737
activation_block1,43,whitebox,pgd10,43,0.0014
activation_block1,43,whitebox,pgd50,43,0.0005
activation_block1,43,transfer,fgsm,42,0.2433
activation_block1,43,transfer,pgd10,42,0.2055
activation_block1,43,transfer,fgsm,44,0.269
activation_block1,43,transfer,pgd10,44,0.2402
activation_block1,43,transfer,fgsm,45,0.2612
activation_block1,43,transfer,pgd10,45,0.2356
activation_block1,43,transfer,fgsm,46,0.2367
activation_block1,43,transfer,pgd10,46,0.1982
parameters_block1,43,clean,clean,,0.8617
parameters_block1,43,whitebox,fgsm,43,0.0471
parameters_block1,43,whitebox,pgd10,43,0.0001
parameters_block1,43,whitebox,pgd50,43,0.0
parameters_block1,43,transfer,fgsm,42,0.2559
parameters_block1,43,transfer,pgd10,42,0.2074
parameters_block1,43,transfer,fgsm,44,0.2704
parameters_block1,43,transfer,pgd10,44,0.2246
parameters_block1,43,transfer,fgsm,45,0.2705
parameters_block1,43,transfer,pgd10,45,0.2288
parameters_block1,43,transfer,fgsm,46,0.2613
parameters_block1,43,transfer,pgd10,46,0.2118
parameters_blocks,43,clean,clean,,0.8602
parameters_blocks,43,whitebox,fgsm,43,0.063
parameters_blocks,43,whitebox,pgd10,43,0.0027
parameters_blocks,43,whitebox,pgd50,43,0.0005
parameters_blocks,43,transfer,fgsm,42,0.2323
parameters_blocks,43,transfer,pgd10,42,0.2168
parameters_blocks,43,transfer,fgsm,44,0.249
parameters_blocks,43,transfer,pgd10,44,0.2444
parameters_blocks,43,transfer,fgsm,45,0.2436
parameters_blocks,43,transfer,pgd10,45,0.2325
parameters_blocks,43,transfer,fgsm,46,0.2396
parameters_blocks,43,transfer,pgd10,46,0.2182
baseline,44,clean,clean,,0.8571
baseline,44,whitebox,fgsm,44,0.0522
baseline,44,whitebox,pgd10,44,0.0004
baseline,44,whitebox,pgd50,44,0.0
baseline,44,transfer,fgsm,42,0.2729
baseline,44,transfer,pgd10,42,0.2362
baseline,44,transfer,fgsm,43,0.2864
baseline,44,transfer,pgd10,43,0.2835
baseline,44,transfer,fgsm,45,0.2944
baseline,44,transfer,pgd10,45,0.27
baseline,44,transfer,fgsm,46,0.2717
baseline,44,transfer,pgd10,46,0.2386
activation_block1,44,clean,clean,,0.8521
activation_block1,44,whitebox,fgsm,44,0.0526
activation_block1,44,whitebox,pgd10,44,0.0005
activation_block1,44,whitebox,pgd50,44,0.0003
activation_block1,44,transfer,fgsm,42,0.2748
activation_block1,44,transfer,pgd10,42,0.217
activation_block1,44,transfer,fgsm,43,0.2956
activation_block1,44,transfer,pgd10,43,0.2644
activation_block1,44,transfer,fgsm,45,0.2897
activation_block1,44,transfer,pgd10,45,0.243
activation_block1,44,transfer,fgsm,46,0.2714
activation_block1,44,transfer,pgd10,46,0.2204
parameters_block1,44,clean,clean,,0.8605
parameters_block1,44,whitebox,fgsm,44,0.0594
parameters_block1,44,whitebox,pgd10,44,0.0011
parameters_block1,44,whitebox,pgd50,44,0.0004
parameters_block1,44,transfer,fgsm,42,0.2413
parameters_block1,44,transfer,pgd10,42,0.2074
parameters_block1,44,transfer,fgsm,43,0.2606
parameters_block1,44,transfer,pgd10,43,0.2662
parameters_block1,44,transfer,fgsm,45,0.2494
parameters_block1,44,transfer,pgd10,45,0.241
parameters_block1,44,transfer,fgsm,46,0.2377
parameters_block1,44,transfer,pgd10,46,0.2367
parameters_blocks,44,clean,clean,,0.859
parameters_blocks,44,whitebox,fgsm,44,0.0586
parameters_blocks,44,whitebox,pgd10,44,0.0003
parameters_blocks,44,whitebox,pgd50,44,0.0
parameters_blocks,44,transfer,fgsm,42,0.2459
parameters_blocks,44,transfer,pgd10,42,0.1895
parameters_blocks,44,transfer,fgsm,43,0.2576
parameters_blocks,44,transfer,pgd10,43,0.2305
parameters_blocks,44,transfer,fgsm,45,0.2632
parameters_blocks,44,transfer,pgd10,45,0.2238
parameters_blocks,44,transfer,fgsm,46,0.2508
parameters_blocks,44,transfer,pgd10,46,0.1985
baseline,45,clean,clean,,0.859
baseline,45,whitebox,fgsm,45,0.0389
baseline,45,whitebox,pgd10,45,0.0002
baseline,45,whitebox,pgd50,45,0.0
baseline,45,transfer,fgsm,42,0.2665
baseline,45,transfer,pgd10,42,0.224
baseline,45,transfer,fgsm,43,0.2749
baseline,45,transfer,pgd10,43,0.2676
baseline,45,transfer,fgsm,44,0.284
baseline,45,transfer,pgd10,44,0.2541
baseline,45,transfer,fgsm,46,0.2672
baseline,45,transfer,pgd10,46,0.2401
activation_block1,45,clean,clean,,0.858
activation_block1,45,whitebox,fgsm,45,0.0573
activation_block1,45,whitebox,pgd10,45,0.0006
activation_block1,45,whitebox,pgd50,45,0.0
activation_block1,45,transfer,fgsm,42,0.2355
activation_block1,45,transfer,pgd10,42,0.2296
activation_block1,45,transfer,fgsm,43,0.2452
activation_block1,45,transfer,pgd10,43,0.2724
activation_block1,45,transfer,fgsm,44,0.2499
activation_block1,45,transfer,pgd10,44,0.2579
activation_block1,45,transfer,fgsm,46,0.2395
activation_block1,45,transfer,pgd10,46,0.2456
parameters_block1,45,clean,clean,,0.8606
parameters_block1,45,whitebox,fgsm,45,0.0527
parameters_block1,45,whitebox,pgd10,45,0.0004
parameters_block1,45,whitebox,pgd50,45,0.0002
parameters_block1,45,transfer,fgsm,42,0.2618
parameters_block1,45,transfer,pgd10,42,0.2071
parameters_block1,45,transfer,fgsm,43,0.2936
parameters_block1,45,transfer,pgd10,43,0.272
parameters_block1,45,transfer,fgsm,44,0.2843
parameters_block1,45,transfer,pgd10,44,0.2409
parameters_block1,45,transfer,fgsm,46,0.2594
parameters_block1,45,transfer,pgd10,46,0.2227
parameters_blocks,45,clean,clean,,0.8597
parameters_blocks,45,whitebox,fgsm,45,0.0448
parameters_blocks,45,whitebox,pgd10,45,0.0005
parameters_blocks,45,whitebox,pgd50,45,0.0001
parameters_blocks,45,transfer,fgsm,42,0.2707
parameters_blocks,45,transfer,pgd10,42,0.2376
parameters_blocks,45,transfer,fgsm,43,0.2899
parameters_blocks,45,transfer,pgd10,43,0.2848
parameters_blocks,45,transfer,fgsm,44,0.2875
parameters_blocks,45,transfer,pgd10,44,0.2489
parameters_blocks,45,transfer,fgsm,46,0.2762
parameters_blocks,45,transfer,pgd10,46,0.2379
baseline,46,clean,clean,,0.8549
baseline,46,whitebox,fgsm,46,0.0357
baseline,46,whitebox,pgd10,46,0.0008
baseline,46,whitebox,pgd50,46,0.0005
baseline,46,transfer,fgsm,42,0.2209
baseline,46,transfer,pgd10,42,0.2083
baseline,46,transfer,fgsm,43,0.2399
baseline,46,transfer,pgd10,43,0.2534
baseline,46,transfer,fgsm,44,0.245
baseline,46,transfer,pgd10,44,0.2377
baseline,46,transfer,fgsm,45,0.2373
baseline,46,transfer,pgd10,45,0.2413
activation_block1,46,clean,clean,,0.8588
activation_block1,46,whitebox,fgsm,46,0.058
activation_block1,46,whitebox,pgd10,46,0.0013
activation_block1,46,whitebox,pgd50,46,0.0002
activation_block1,46,transfer,fgsm,42,0.2206
activation_block1,46,transfer,pgd10,42,0.2158
activation_block1,46,transfer,fgsm,43,0.2349
activation_block1,46,transfer,pgd10,43,0.2617
activation_block1,46,transfer,fgsm,44,0.2446
activation_block1,46,transfer,pgd10,44,0.2446
activation_block1,46,transfer,fgsm,45,0.2404
activation_block1,46,transfer,pgd10,45,0.246
parameters_block1,46,clean,clean,,0.8597
parameters_block1,46,whitebox,fgsm,46,0.0543
parameters_block1,46,whitebox,pgd10,46,0.0003
parameters_block1,46,whitebox,pgd50,46,0.0
parameters_block1,46,transfer,fgsm,42,0.2428
parameters_block1,46,transfer,pgd10,42,0.2077
parameters_block1,46,transfer,fgsm,43,0.2609
parameters_block1,46,transfer,pgd10,43,0.2548
parameters_block1,46,transfer,fgsm,44,0.2592
parameters_block1,46,transfer,pgd10,44,0.2313
parameters_block1,46,transfer,fgsm,45,0.269
parameters_block1,46,transfer,pgd10,45,0.24
parameters_blocks,46,clean,clean,,0.8555
parameters_blocks,46,whitebox,fgsm,46,0.0463
parameters_blocks,46,whitebox,pgd10,46,0.0004
parameters_blocks,46,whitebox,pgd50,46,0.0002
parameters_blocks,46,transfer,fgsm,42,0.2169
parameters_blocks,46,transfer,pgd10,42,0.167
parameters_blocks,46,transfer,fgsm,43,0.2411
parameters_blocks,46,transfer,pgd10,43,0.2274
parameters_blocks,46,transfer,fgsm,44,0.2489
parameters_blocks,46,transfer,pgd10,44,0.2141
parameters_blocks,46,transfer,fgsm,45,0.2391
parameters_blocks,46,transfer,pgd10,45,0.2133
